{"cameraMode":{"drawMode":0,"name":"Shaded","section":"Shading Mode"},"sceneLighting":true,"audioPlay":false,"sceneViewState":{"showFog":true,"showMaterialUpdate":false,"showSkybox":true,"showFlares":true,"showImageEffects":true,"showParticleSystems":true},"in2DMode":false,"pivot":{"x":1.55093252658844,"y":1.6468629837036133,"z":-4.0018486976623539},"rotation":{"x":0.013437258079648018,"y":-0.9612042307853699,"z":-0.04668949171900749,"w":-0.2719002664089203},"size":2.8272080421447756,"orthographic":false}