{"cameraMode":{"drawMode":0,"name":"Shaded","section":"Shading Mode"},"sceneLighting":true,"audioPlay":false,"sceneViewState":{"showFog":true,"showMaterialUpdate":false,"showSkybox":true,"showFlares":true,"showImageEffects":true,"showParticleSystems":true},"in2DMode":false,"pivot":{"x":-3.5535593032836916,"y":0.2785477638244629,"z":-10.951410293579102},"rotation":{"x":-0.044302549213171008,"y":0.9192310571670532,"z":-0.10833203047513962,"w":-0.37592077255249026},"size":10.0,"orthographic":false}